日期,岗位,天数,MAN,INT,END,属,估,登,名字,天,点,课,理,药,离,总,薪,参
2023/4/23,Disposal Engineer,5,17357,75044,93701,89,---,5 hours ago,Tarkon,5,10,---,5,-6,---,103,$700000,---
2023/4/23,Team Leader,4,113612,112704,113523,95,---,19 minutes ago,SOUL_R3AP3R,3,3,---,0,-2,---,99,$3500000,---
2023/4/23,Security Contractor,4,52918,7930,41206,79,---,13 hours ago,TDRaiz,4,7,---,9,0,---,99,$500000,---
2023/4/23,Security Contractor,0,14367,15462,24964,0,---,1 hour ago,B_rice,0,0,---,0,0,---,0,$200000,---
2023/4/23,Spokesperson,5,433,484,488,0,---,9 minutes ago,Pierre_Hein,5,1,---,29,-5,---,30,$100000,---
2023/4/23,Security Contractor,5,186,65,119,0,---,1 hour ago,pigo,5,0,---,29,-6,---,28,$50000,---
2023/4/23,Security Contractor,0,13228,6606,9637,20,---,7 hours ago,Emblem12,0,0,---,25,0,---,45,$220000,---
2023/4/23,Security Contractor,0,2711,1541,2245,3,---,8 hours ago,CountryBoiRHEC,0,0,---,29,0,---,32,$50000,---
2023/4/23,Security Contractor,5,184,97,143,0,---,10 hours ago,Joseph_1,5,0,---,29,-9,---,25,$100000,---
2023/4/23,Security Contractor,6,219,77,127,0,---,3 minutes ago,DARTHSTEYN,5,0,---,29,0,---,34,$100000,---
2023/4/23,Security Contractor,5,184,105,209,0,---,22 hours ago,BourneDerek,5,0,---,29,0,---,34,$50000,---
2023/4/23,Security Contractor,1,108,93,74,0,---,1 hour ago,3llamenoo,1,1,---,30,-1,---,31,$10000,---
2023/4/24,Disposal Engineer,5,17357,75044,93701,89,---,5 hours ago,Tarkon,5,10,---,5,-6,---,103,$700000,---
2023/4/24,Team Leader,4,113612,112704,113523,95,---,19 minutes ago,SOUL_R3AP3R,3,3,---,0,-2,---,99,$3500000,---
2023/4/24,Security Contractor,4,52918,7930,41206,79,---,13 hours ago,TDRaiz,4,7,---,9,0,---,99,$500000,---
2023/4/24,Security Contractor,0,14367,15462,24964,0,---,1 hour ago,B_rice,0,0,---,0,0,---,0,$200000,---
2023/4/24,Spokesperson,5,433,484,488,0,---,9 minutes ago,Pierre_Hein,5,1,---,29,-5,---,30,$100000,---
2023/4/24,Security Contractor,5,186,65,119,0,---,1 hour ago,pigo,5,0,---,29,-6,---,28,$50000,---
2023/4/24,Security Contractor,0,13228,6606,9637,20,---,7 hours ago,Emblem12,0,0,---,25,0,---,45,$220000,---
2023/4/24,Security Contractor,0,2711,1541,2245,3,---,8 hours ago,CountryBoiRHEC,0,0,---,29,0,---,32,$50000,---
2023/4/24,Security Contractor,5,184,97,143,0,---,10 hours ago,Joseph_1,5,0,---,29,-9,---,25,$100000,---
2023/4/24,Security Contractor,6,219,77,127,0,---,3 minutes ago,DARTHSTEYN,5,0,---,29,0,---,34,$100000,---
2023/4/24,Security Contractor,5,184,105,209,0,---,22 hours ago,BourneDerek,5,0,---,29,0,---,34,$50000,---
2023/4/24,Security Contractor,1,108,93,74,0,---,1 hour ago,3llamenoo,1,1,---,30,-1,---,31,$10000,---
2023/4/25,Team Leader,6,17405,75044,93725,55,---,3 minutes ago,Tarkon,6,10,---,0,-1,---,70,$700000,---
2023/4/25,Security Contractor,5,52982,7930,41238,80,---,5 hours ago,TDRaiz,5,7,---,13,0,---,105,$500000,---
2023/4/25,Security Contractor,0,14412,15462,24987,41,---,11 hours ago,B_rice,0,0,---,30,0,---,71,$200000,---
2023/4/25,Security Contractor,6,454,484,499,0,---,31 minutes ago,Pierre_Hein,6,1,---,30,-4,---,33,$100000,---
2023/4/25,Security Contractor,6,206,65,129,0,---,13 minutes ago,pigo,6,0,---,30,-4,---,32,$50000,---
2023/4/25,Security Contractor,1,13261,6606,9653,20,---,17 hours ago,Emblem12,1,0,---,30,0,---,51,$220000,---
2023/4/25,Security Contractor,1,2733,1541,2256,3,---,18 hours ago,CountryBoiRHEC,1,0,---,30,0,---,34,$50000,---
2023/4/25,Security Contractor,6,201,97,152,0,---,32 minutes ago,Joseph_1,6,0,---,30,-9,---,27,$100000,---
2023/4/25,Security Contractor,6,242,77,139,0,---,2 hours ago,DARTHSTEYN,6,0,---,30,0,---,36,$100000,---
2023/4/25,Security Contractor,6,207,105,221,0,---,7 hours ago,BourneDerek,6,0,---,30,0,---,36,$50000,---
2023/4/25,Security Contractor,2,129,93,85,0,---,7 hours ago,3llamenoo,2,1,---,30,0,---,33,$10000,---
2023/4/26,Team Leader,6,53028,7930,41261,54,---,5 hours ago,TDRaiz,6,7,---,0,0,---,67,$500000,---
2023/4/26,Security Contractor,1,14447,15462,25004,41,---,12 hours ago,B_rice,1,0,---,12,0,---,54,$200000,---
2023/4/26,Security Contractor,7,467,484,506,0,---,2 minutes ago,Pierre_Hein,7,1,---,16,-3,---,21,$100000,---
2023/4/26,Security Contractor,7,219,65,136,0,---,18 minutes ago,pigo,7,0,---,16,-2,---,21,$50000,---
2023/4/26,Security Contractor,2,13284,6606,9665,20,---,18 hours ago,Emblem12,2,0,---,14,0,---,36,$220000,---
2023/4/26,Security Contractor,7,212,97,157,0,---,0 minutes ago,Joseph_1,7,0,---,16,-6,---,17,$100000,---
2023/4/26,Security Contractor,2,2747,1541,2263,3,---,17 hours ago,CountryBoiRHEC,2,0,---,17,0,---,22,$50000,---
2023/4/26,Security Contractor,0,146,170,147,0,---,24 minutes ago,MrMaloney,0,0,---,17,0,---,17,$10000,---
2023/4/26,Security Contractor,7,257,77,146,0,---,17 minutes ago,DARTHSTEYN,7,0,---,16,0,---,23,$100000,---
2023/4/26,Security Contractor,7,222,105,228,0,---,2 hours ago,BourneDerek,7,0,---,16,0,---,23,$50000,---
2023/4/26,Security Contractor,3,142,93,91,0,---,1 day ago,3llamenoo,3,1,---,17,0,---,20,$10000,---
2023/4/27,Security Contractor,0,33335,50917,51079,68,---,1 hour ago,redsoldier,0,5,---,17,0,---,90,$800000,---
2023/4/27,Team Leader,7,53074,7930,41284,54,---,8 hours ago,TDRaiz,7,7,---,0,0,---,68,$500000,---
2023/4/27,Team Leader,0,42912,23888,117113,67,---,1 hour ago,datthamg,0,4,---,0,-1,---,70,$1500000,---
2023/4/27,Security Contractor,2,14492,15462,25026,41,---,9 hours ago,B_rice,2,0,---,27,0,---,70,$200000,---
2023/4/27,Medic,0,32568,21475,43786,53,---,1 hour ago,KhenPlay,0,1,---,24,0,---,78,$440000,---
2023/4/27,Security Contractor,8,542,484,543,0,---,5 minutes ago,Pierre_Hein,8,1,---,30,0,---,39,$100000,---
2023/4/27,Security Contractor,8,242,65,148,0,---,53 minutes ago,pigo,8,0,---,30,-2,---,36,$50000,---
2023/4/27,Security Contractor,3,13318,6606,9682,20,---,15 hours ago,Emblem12,3,0,---,30,0,---,53,$220000,---
2023/4/27,Security Contractor,8,281,97,192,0,---,43 minutes ago,Joseph_1,8,1,---,30,-9,---,30,$100000,---
2023/4/27,Security Contractor,1,166,170,157,0,---,1 hour ago,MrMaloney,1,0,---,30,0,---,31,$10000,---
2023/4/27,Security Contractor,8,281,152,173,0,---,3 hours ago,DARTHSTEYN,8,0,---,30,0,---,38,$100000,---
2023/4/27,Security Contractor,8,246,105,240,0,---,3 hours ago,BourneDerek,8,0,---,30,0,---,38,$50000,---
2023/4/28,Security Contractor,1,33393,50917,51108,68,---,1 hour ago,redsoldier,1,5,---,17,0,---,91,$800000,---
2023/4/28,Team Leader,8,53121,7930,41307,54,---,7 hours ago,TDRaiz,8,7,---,0,0,---,69,$500000,---
2023/4/28,Team Leader,1,42960,23888,117137,67,---,8 hours ago,datthamg,1,4,---,0,-1,---,71,$1500000,---
2023/4/28,Security Contractor,3,14537,15462,25049,41,---,8 hours ago,B_rice,3,0,---,27,0,---,71,$200000,---
2023/4/28,Medic,1,32568,21527,43812,53,---,3 hours ago,KhenPlay,1,2,---,23,0,---,79,$440000,---
2023/4/28,Security Contractor,9,566,484,555,0,---,24 minutes ago,Pierre_Hein,9,1,---,30,-2,---,38,$100000,---
2023/4/28,Security Contractor,9,266,65,160,0,---,1 hour ago,pigo,9,0,---,30,-2,---,37,$50000,---
2023/4/28,Security Contractor,4,13353,6606,9699,20,---,20 hours ago,Emblem12,4,0,---,30,0,---,54,$220000,---
2023/4/28,Security Contractor,9,301,97,202,0,---,34 minutes ago,Joseph_1,9,1,---,30,-8,---,32,$100000,---
2023/4/28,Security Contractor,2,186,170,167,0,---,31 minutes ago,MrMaloney,2,0,---,30,0,---,32,$10000,---
2023/4/28,Security Contractor,9,306,152,185,0,---,1 hour ago,DARTHSTEYN,9,0,---,30,0,---,39,$100000,---
2023/4/28,Security Contractor,9,270,105,252,0,---,1 day ago,BourneDerek,9,0,---,30,0,---,38,$50000,---
2023/4/29,Security Contractor,2,33452,50917,51137,68,---,13 hours ago,redsoldier,2,5,---,17,0,---,92,$800000,---
2023/4/29,Team Leader,9,53169,7930,41331,54,---,3 hours ago,TDRaiz,9,7,---,0,0,---,70,$500000,---
2023/4/29,Team Leader,2,43039,23958,117161,67,---,4 hours ago,datthamg,2,4,---,0,-1,---,72,$1500000,---
2023/4/29,Security Contractor,0,31476,24914,44339,66,---,1 hour ago,Carlhurt3,0,3,---,19,0,---,88,$400000,---
2023/4/29,Security Contractor,4,14583,15462,25072,41,---,9 hours ago,B_rice,4,0,---,27,0,---,72,$200000,---
2023/4/29,Medic,2,32568,21580,43838,53,---,6 hours ago,KhenPlay,2,2,---,23,0,---,80,$440000,---
2023/4/29,Security Contractor,10,592,484,568,0,---,2 hours ago,Pierre_Hein,10,1,---,30,-1,---,40,$100000,---
2023/4/29,Security Contractor,10,290,65,172,0,---,2 hours ago,pigo,10,0,---,30,-2,---,38,$50000,---
2023/4/29,Security Contractor,5,13385,6606,9715,20,---,1 day ago,Emblem12,5,0,---,30,0,---,50,$220000,---
2023/4/29,Security Contractor,10,322,97,213,0,---,42 minutes ago,Joseph_1,10,1,---,30,-8,---,33,$100000,---
2023/4/29,Security Contractor,3,207,170,178,0,---,11 minutes ago,MrMaloney,3,0,---,30,0,---,33,$10000,---
2023/4/29,Security Contractor,10,332,152,198,0,---,5 hours ago,DARTHSTEYN,10,0,---,30,0,---,40,$100000,---
2023/5/4,Security Contractor,7,33808,50967,51370,68,---,6 hours ago,redsoldier,7,5,---,17,0,---,97,$800000,---
2023/5/4,Security Contractor,3,8753,5514,10916,19,---,14 minutes ago,Tyler-Spector,3,4,---,30,0,---,56,$150000,---
2023/5/4,Team Leader,5,87531,13648,53887,79,---,1 day ago,CosmicBreak,4,10,---,0,0,---,88,$1500000,---
2023/5/4,Security Contractor,14,53539,7930,41516,80,---,5 hours ago,TDRaiz,10,7,---,11,0,---,108,$500000,---
2023/5/4,Security Contractor,6,31761,24914,44481,66,---,1 hour ago,Carlhurt3,5,3,---,20,-2,---,92,$400000,---
2023/5/4,Team Leader,7,43347,23958,117316,67,---,3 hours ago,datthamg,7,4,---,0,0,---,78,$1500000,---
2023/5/4,Security Contractor,10,14875,15462,25218,41,---,4 hours ago,B_rice,9,0,---,28,0,---,78,$200000,---
2023/5/4,Security Contractor,15,722,484,633,0,---,47 minutes ago,Pierre_Hein,10,2,---,30,-2,---,40,$100000,---
2023/5/4,Security Contractor,15,465,65,257,0,---,1 hour ago,pigo,10,0,---,30,-1,---,39,$50000,---
2023/5/4,Security Contractor,15,438,97,272,0,---,14 hours ago,Joseph_1,10,1,---,30,-4,---,37,$100000,---
2023/5/4,Security Contractor,0,3544,1200,2368,0,---,10 hours ago,Ragas,0,0,---,0,0,---,0,$100000,---
2023/5/4,Security Contractor,16,512,152,288,0,---,21 minutes ago,DARTHSTEYN,10,0,---,30,0,---,40,$100000,---
2023/5/7,Disposal Engineer,10,33870,51092,51463,73,---,8 hours ago,redsoldier,10,5,---,9,0,---,97,$800000,---
2023/5/7,Team Leader,0,98817,243108,146453,92,---,34 minutes ago,Prior_TCode,0,3,---,0,0,---,95,$1000000,---
2023/5/7,Security Contractor,2,42729,51858,70197,77,---,1 hour ago,-ZAKE,2,0,---,11,-6,---,84,$700000,---
2023/5/7,Security Contractor,6,8900,5514,10989,19,---,18 minutes ago,Tyler-Spector,6,4,---,22,0,---,51,$150000,---
2023/5/7,Security Contractor,7,87747,13648,53995,94,---,3 hours ago,CosmicBreak,7,10,---,4,0,---,115,$1500000,---
2023/5/7,Security Contractor,17,53779,7930,41636,80,---,15 minutes ago,TDRaiz,10,7,---,7,-5,---,99,$500000,---
2023/5/7,Security Contractor,8,31970,24914,44586,66,---,2 hours ago,Carlhurt3,8,3,---,11,-8,---,80,$400000,---
2023/5/7,Armorer,10,43467,23958,117473,92,---,4 hours ago,datthamg,10,4,---,5,0,---,111,$1500000,---
2023/5/7,Security Contractor,2,15644,36007,21426,37,---,3 hours ago,lubeeloo,2,9,---,18,0,---,66,$300000,---
2023/5/7,Security Contractor,12,15059,15462,25310,41,---,13 hours ago,B_rice,10,0,---,17,0,---,68,$200000,---
2023/5/7,Security Contractor,1,41673,18657,23064,55,---,2 hours ago,Neozock,0,0,---,16,0,---,71,$300000,---
2023/5/7,Security Contractor,2,26636,3251,29808,55,---,3 minutes ago,ZETTYCZ,2,2,---,15,0,---,74,$0,---
2023/5/8,Disposal Engineer,11,33870,51156,51495,73,---,6 hours ago,redsoldier,10,5,---,9,0,---,97,$800000,---
2023/5/8,Team Leader,1,98882,243108,146486,92,---,5 hours ago,Prior_TCode,1,3,---,0,0,---,96,$1000000,---
2023/5/8,Security Contractor,3,42785,51858,70225,77,---,3 hours ago,-ZAKE,3,0,---,11,-4,---,87,$700000,---
2023/5/8,Security Contractor,7,8932,5514,11005,19,---,0 minutes ago,Tyler-Spector,7,4,---,22,-2,---,50,$150000,---
2023/5/8,Security Contractor,8,87811,13648,54027,94,---,1 day ago,CosmicBreak,8,10,---,3,0,---,113,$1500000,---
2023/5/8,Security Contractor,18,53843,7930,41668,80,---,7 hours ago,TDRaiz,10,7,---,7,-3,---,101,$500000,---
2023/5/8,Security Contractor,9,32022,24914,44612,66,---,1 day ago,Carlhurt3,9,3,---,11,-7,---,81,$400000,---
2023/5/8,Armorer,11,43500,23958,117538,92,---,1 hour ago,datthamg,10,4,---,5,0,---,111,$1500000,---
2023/5/8,Security Contractor,3,15686,36007,21447,37,---,12 hours ago,lubeeloo,3,9,---,18,-2,---,65,$300000,---
2023/5/8,Security Contractor,13,15103,15462,25332,41,---,10 hours ago,B_rice,10,0,---,17,0,---,68,$200000,---
2023/5/8,Security Contractor,2,41719,18657,23087,55,---,3 hours ago,Neozock,1,0,---,16,0,---,72,$300000,---
2023/5/8,Security Contractor,3,26684,3251,29832,55,---,6 minutes ago,ZETTYCZ,3,2,---,15,0,---,75,$0,---
2023/5/9,Disposal Engineer,12,33870,51219,51526,73,---,1 day ago,redsoldier,10,5,---,9,0,---,95,$800000,---
2023/5/9,Team Leader,2,98948,243108,146519,92,---,17 hours ago,Prior_TCode,2,3,---,0,0,---,97,$1000000,---
2023/5/9,Security Contractor,4,42892,51858,70278,77,---,10 hours ago,-ZAKE,4,0,---,11,-3,---,89,$700000,---
2023/5/9,Security Contractor,8,8965,5514,11022,19,---,1 hour ago,Tyler-Spector,8,4,---,22,-1,---,52,$150000,---
2023/5/9,Security Contractor,9,87875,13648,54059,94,---,2 days ago,CosmicBreak,9,10,---,3,0,---,103,$1500000,---
2023/5/9,Security Contractor,19,53907,7930,41700,80,---,1 hour ago,TDRaiz,10,7,---,7,0,---,104,$500000,---
2023/5/9,Security Contractor,10,32074,25041,44666,66,---,19 hours ago,Carlhurt3,10,3,---,11,-8,---,82,$400000,---
2023/5/9,Armorer,12,43533,23958,117603,92,---,38 minutes ago,datthamg,10,4,---,5,0,---,111,$1500000,---
2023/5/9,Medic,4,15686,36103,21495,39,---,5 hours ago,lubeeloo,4,9,---,17,0,---,69,$300000,---
2023/5/9,Security Contractor,14,15147,15462,25354,41,---,17 hours ago,B_rice,10,0,---,18,0,---,69,$200000,---
2023/5/9,Security Contractor,3,41766,18657,23110,55,---,8 hours ago,Neozock,2,0,---,16,0,---,73,$300000,---
2023/5/9,Security Contractor,4,26783,3251,29881,55,---,40 minutes ago,ZETTYCZ,4,2,---,15,0,---,76,$0,---
2023/5/12,Disposal Engineer,15,33870,51461,51647,73,---,6 hours ago,redsoldier,10,5,---,9,0,---,97,$800000,---
2023/5/12,Team Leader,5,99250,243108,146670,92,---,2 minutes ago,Prior_TCode,5,3,---,0,0,---,100,$2000000,---
2023/5/12,Security Contractor,7,43071,51858,70367,77,---,10 hours ago,-ZAKE,7,0,---,10,0,---,94,$700000,---
2023/5/12,Security Contractor,11,9068,5558,11113,19,---,9 minutes ago,Tyler-Spector,10,4,---,23,-1,---,55,$150000,---
2023/5/12,Security Contractor,12,88067,13648,54155,94,---,2 days ago,CosmicBreak,10,10,---,3,0,---,104,$1500000,---
2023/5/12,Security Contractor,22,54099,8040,41796,80,---,5 hours ago,TDRaiz,10,7,---,7,0,---,104,$500000,---
2023/5/12,Security Contractor,13,32233,25041,44746,66,---,2 hours ago,Carlhurt3,10,3,---,12,0,---,91,$400000,---
2023/5/12,Armorer,15,43687,24028,117848,92,---,48 minutes ago,datthamg,10,4,---,5,-2,---,109,$1500000,---
2023/5/12,Medic,7,15686,36294,21590,39,---,7 minutes ago,lubeeloo,7,9,---,17,0,---,72,$300000,---
2023/5/12,Security Contractor,17,15279,15462,25420,41,---,11 hours ago,B_rice,10,0,---,18,0,---,69,$200000,---
2023/5/12,Security Contractor,6,41960,18657,23207,55,---,14 hours ago,Neozock,5,0,---,16,0,---,76,$300000,---
2023/5/12,Security Contractor,7,26933,3251,29956,55,---,35 minutes ago,ZETTYCZ,7,2,---,15,0,---,79,$0,---
2023/5/16,Disposal Engineer,19,33935,51717,51820,73,---,3 hours ago,redsoldier,10,5,---,9,0,---,97,$800000,---
2023/5/16,Team Leader,9,99521,243108,146806,92,---,49 minutes ago,Prior_TCode,9,3,---,0,-4,---,100,$2000000,---
2023/5/16,Security Contractor,11,43400,51858,70567,77,---,23 hours ago,-ZAKE,10,0,---,10,0,---,97,$700000,---
2023/5/16,Security Contractor,15,9260,5558,11210,19,---,1 hour ago,Tyler-Spector,10,4,---,23,0,---,56,$150000,---
2023/5/16,Security Contractor,16,88372,13648,54307,94,---,14 hours ago,CosmicBreak,10,10,---,3,0,---,117,$1500000,---
2023/5/16,Security Contractor,26,54405,8040,41949,80,---,1 hour ago,TDRaiz,10,7,---,7,0,---,104,$500000,---
2023/5/16,Security Contractor,17,32454,25041,44857,66,---,1 day ago,Carlhurt3,10,3,---,12,-3,---,83,$400000,---
2023/5/16,Armorer,19,43819,24028,118108,92,---,1 hour ago,datthamg,10,4,---,5,-2,---,109,$1500000,---
2023/5/16,Medic,11,15686,36540,21742,39,---,4 hours ago,lubeeloo,10,9,---,17,0,---,75,$300000,---
2023/5/16,Security Contractor,21,15481,15537,25538,41,---,11 hours ago,B_rice,10,0,---,18,0,---,69,$200000,---
2023/5/16,Security Contractor,10,42211,18702,23382,57,---,14 hours ago,Neozock,9,0,---,15,0,---,81,$300000,---
2023/5/16,Security Contractor,11,27140,3251,30060,55,---,1 hour ago,ZETTYCZ,10,2,---,14,0,---,81,$0,---
2023/5/18,Disposal Engineer,21,33935,51848,51885,73,---,6 hours ago,redsoldier,10,5,---,9,0,---,102,$800000,---
2023/5/18,Team Leader,11,99657,243108,146874,92,---,12 minutes ago,Prior_TCode,10,3,---,0,0,---,110,$2000000,---
2023/5/18,Security Contractor,13,43576,51858,70655,77,---,15 hours ago,-ZAKE,10,0,---,9,0,---,101,$700000,---
2023/5/18,Security Contractor,1,28546,19092,16707,39,---,22 hours ago,Twizla,1,5,---,20,0,---,70,$300000,---
2023/5/18,Security Contractor,18,88500,13648,54371,94,---,2 hours ago,CosmicBreak,10,10,---,2,0,---,121,$1500000,---
2023/5/18,Security Contractor,28,54533,8040,42013,81,---,9 hours ago,TDRaiz,10,7,---,6,-4,---,105,$500000,---
2023/5/18,Security Contractor,19,32618,25096,44967,66,---,13 hours ago,Carlhurt3,10,3,---,11,-3,---,92,$400000,---
2023/5/18,Armorer,21,43885,24028,118238,92,---,2 hours ago,datthamg,10,4,---,4,0,---,115,$1500000,---
2023/5/18,Medic,13,15686,36643,21793,39,---,49 minutes ago,lubeeloo,10,9,---,17,0,---,80,$300000,---
2023/5/18,Security Contractor,23,15622,15537,25608,42,---,14 hours ago,B_rice,10,0,---,19,0,---,76,$200000,---
2023/5/18,Security Contractor,12,42319,18702,23436,57,---,1 hour ago,Neozock,10,0,---,15,0,---,87,$300000,---
2023/5/18,Security Contractor,13,27298,3251,30139,55,---,1 hour ago,ZETTYCZ,10,2,---,15,0,---,87,$300000,---
2023/5/19,Disposal Engineer,22,33935,51914,51918,73,---,5 hours ago,redsoldier,10,5,---,9,0,---,102,$800000,---
2023/5/19,Team Leader,12,99725,243108,146908,92,---,3 hours ago,Prior_TCode,10,3,---,0,0,---,110,$2000000,---
2023/5/19,Security Contractor,14,43640,51858,70687,78,---,9 hours ago,-ZAKE,10,0,---,9,0,---,102,$700000,---
2023/5/19,Security Contractor,2,28591,19092,16730,39,---,6 minutes ago,Twizla,2,5,---,20,0,---,71,$300000,---
2023/5/19,Security Contractor,19,88564,13648,54403,94,---,1 day ago,CosmicBreak,10,10,---,2,0,---,119,$1500000,---
2023/5/19,Security Contractor,29,54597,8040,42045,81,---,7 hours ago,TDRaiz,10,7,---,6,-5,---,104,$500000,---
2023/5/19,Security Contractor,20,32678,25096,44997,66,---,18 hours ago,Carlhurt3,10,3,---,11,-1,---,94,$400000,---
2023/5/19,Armorer,22,43918,24028,118303,92,---,1 hour ago,datthamg,10,4,---,4,0,---,115,$1500000,---
2023/5/19,Medic,14,15686,36746,21829,39,---,2 hours ago,lubeeloo,10,9,---,17,0,---,80,$300000,---
2023/5/19,Security Contractor,24,15671,15537,25632,42,---,20 hours ago,B_rice,10,0,---,19,0,---,76,$200000,---
2023/5/19,Security Contractor,13,42375,18702,23464,57,---,1 day ago,Neozock,10,0,---,15,0,---,87,$300000,---
2023/5/19,Security Contractor,14,27437,3251,30244,55,---,1 hour ago,ZETTYCZ,10,2,---,15,0,---,87,$300000,---
2023/5/21,Disposal Engineer,24,33935,52096,52009,73,---,5 hours ago,redsoldier,10,5,---,9,-2,---,100,$800000,---
2023/5/21,Team Leader,14,99911,243108,147001,92,---,3 hours ago,Prior_TCode,10,3,---,0,0,---,110,$2000000,---
2023/5/21,Security Contractor,16,43768,51858,70751,78,---,9 hours ago,-ZAKE,10,0,---,9,0,---,102,$800000,---
2023/5/21,Security Contractor,21,88714,13703,54484,94,---,19 hours ago,CosmicBreak,10,10,---,2,0,---,121,$1500000,---
2023/5/21,Security Contractor,31,54775,8040,42134,81,---,47 minutes ago,TDRaiz,10,7,---,6,0,---,109,$500000,---
2023/5/21,Security Contractor,22,32797,25096,45057,67,---,1 day ago,Carlhurt3,10,3,---,11,0,---,91,$400000,---
2023/5/21,Armorer,24,44009,24028,118483,92,---,2 hours ago,datthamg,10,4,---,4,0,---,115,$1500000,---
2023/5/21,Security Contractor,0,50974,21461,47090,79,---,3 hours ago,Alexander2256,0,0,---,11,0,---,95,$500000,---
2023/5/21,Medic,16,15686,36902,21906,39,---,1 hour ago,lubeeloo,10,9,---,17,0,---,80,$300000,---
2023/5/21,Security Contractor,26,15764,15587,25688,42,---,1 day ago,B_rice,10,0,---,19,0,---,70,$200000,---
2023/5/21,Security Contractor,15,42468,18702,23511,57,---,3 days ago,Neozock,10,0,---,15,0,---,69,$0,---
2023/5/21,Security Contractor,16,27548,3251,30300,55,---,43 minutes ago,ZETTYCZ,10,2,---,15,0,---,87,$300000,---
2023/5/22,Disposal Engineer,25,33935,52162,52042,73,---,6 hours ago,redsoldier,10,5,5,9,0,0,102,$800000,---
2023/5/22,Team Leader,15,100029,243108,147060,92,---,6 hours ago,Prior_TCode,10,3,5,0,0,0,110,$2000000,---
2023/5/22,Security Contractor,17,43881,51858,70807,78,---,1 day ago,-ZAKE,10,0,5,9,0,-4,98,$800000,---
2023/5/22,Security Contractor,22,88828,13703,54541,94,---,1 hour ago,CosmicBreak,10,10,5,2,0,0,121,$1500000,---
2023/5/22,Security Contractor,32,54839,8040,42166,81,---,48 minutes ago,TDRaiz,10,7,5,6,0,0,109,$500000,---
2023/5/22,Security Contractor,23,32908,25096,45113,67,---,11 hours ago,Carlhurt3,10,3,5,11,0,0,96,$400000,---
2023/5/22,Armorer,25,44042,24028,118548,92,---,46 minutes ago,datthamg,10,4,5,4,0,0,115,$1500000,---
2023/5/22,Security Contractor,1,51035,21461,47121,79,---,3 hours ago,Alexander2256,1,0,5,11,0,0,96,$500000,---
2023/5/22,Medic,17,15686,37005,21957,39,---,8 minutes ago,lubeeloo,10,9,5,17,0,0,80,$300000,---
2023/5/22,Security Contractor,27,15863,15587,25737,43,---,14 hours ago,B_rice,10,0,5,18,0,0,76,$200000,---
2023/5/22,Security Contractor,0,31335,17295,16013,40,---,3 hours ago,Mjller1969,0,0,5,22,0,0,67,$250000,---
2023/5/22,Security Contractor,0,18880,29944,18835,36,---,13 hours ago,Frosty20199,0,0,5,23,0,0,64,$100000,---
2023/5/23,Medic,26,33935,52228,52075,72,---,5 hours ago,redsoldier,10,5,5,9,0,0,101,$800000,---
2023/5/23,Disposal Engineer,16,100029,243174,147093,105,---,1 day ago,Prior_TCode,10,3,5,1,0,0,124,$2000000,---
2023/5/23,Security Contractor,18,43937,51858,70835,78,---,2 days ago,-ZAKE,10,0,5,9,0,-14,88,$800000,---
2023/5/23,Team Leader,23,88896,13703,54575,80,---,2 hours ago,CosmicBreak,10,10,5,0,0,0,105,$1500000,---
2023/5/23,Security Contractor,33,54903,8040,42198,81,---,5 hours ago,TDRaiz,10,7,5,6,-3,0,106,$500000,---
2023/5/23,Security Contractor,24,32969,25096,45143,67,---,2 hours ago,Carlhurt3,10,3,5,11,-1,0,95,$400000,---
2023/5/23,Security Contractor,26,44106,24028,118580,81,---,4 hours ago,datthamg,10,4,5,7,0,0,107,$1500000,---
2023/5/23,Security Contractor,2,51096,21461,47152,79,---,23 hours ago,Alexander2256,2,0,5,10,0,0,96,$500000,---
2023/5/23,Security Contractor,18,15736,37005,21982,38,---,2 hours ago,lubeeloo,10,9,5,16,0,0,78,$300000,---
2023/5/23,Security Contractor,28,15911,15587,25761,43,---,13 hours ago,B_rice,10,0,5,17,0,0,75,$200000,---
2023/5/23,Security Contractor,1,31379,17295,16035,40,---,4 hours ago,Mjller1969,1,4,5,19,0,0,69,$250000,---
2023/5/23,Security Contractor,1,18920,29944,18855,36,---,14 hours ago,Frosty20199,1,0,5,21,0,0,63,$100000,---
2023/5/25,Medic,28,33935,52405,52163,72,---,1 day ago,redsoldier,10,5,5,9,0,-9,92,$800000,---
2023/5/25,Disposal Engineer,18,100029,243306,147159,105,---,1 hour ago,Prior_TCode,10,3,5,1,0,0,124,$2000000,---
2023/5/25,Security Contractor,20,44115,51858,70924,78,---,35 minutes ago,-ZAKE,10,0,5,9,0,0,102,$800000,---
2023/5/25,Team Leader,25,89082,13703,54668,80,---,14 hours ago,CosmicBreak,10,10,5,0,0,0,105,$1500000,---
2023/5/25,Security Contractor,35,55081,8040,42287,81,---,3 hours ago,TDRaiz,10,7,5,6,-4,0,105,$500000,---
2023/5/25,Security Contractor,26,33091,25096,45204,67,---,16 hours ago,Carlhurt3,10,3,5,11,0,0,96,$400000,---
2023/5/25,Security Contractor,28,44284,24028,118669,81,---,3 hours ago,datthamg,10,4,5,7,0,0,107,$1500000,---
2023/5/25,Security Contractor,20,15836,37005,22032,38,---,1 hour ago,lubeeloo,10,9,5,16,0,0,78,$300000,---
2023/5/25,Security Contractor,4,51316,21536,47284,79,---,2 hours ago,Alexander2256,4,0,5,10,0,0,98,$500000,---
2023/5/25,Security Contractor,30,15996,15587,25804,43,---,2 days ago,B_rice,10,0,5,17,0,-12,63,$200000,---
2023/5/25,Security Contractor,3,31469,17295,16080,40,---,53 minutes ago,Mjller1969,3,4,5,19,0,0,71,$250000,---
2023/5/25,Security Contractor,3,18999,29944,18894,36,---,1 day ago,Frosty20199,3,0,5,21,0,-5,60,$100000,---
2023/5/26,Security Contractor,29,33997,52405,52194,68,---,10 hours ago,redsoldier,10,5,5,9,0,0,97,$800000,---
2023/5/26,Disposal Engineer,20,100029,243372,147192,105,---,3 hours ago,Prior_TCode,10,3,5,1,0,0,124,$2000000,---
2023/5/26,Security Contractor,21,44179,51858,70956,78,---,1 day ago,-ZAKE,10,0,5,8,0,0,101,$800000,---
2023/5/26,Medic,0,6924,31350,77317,63,---,1 hour ago,workstation,0,0,5,14,-1,0,81,$600000,---
2023/5/26,Team Leader,26,89149,13703,54701,80,---,1 day ago,CosmicBreak,10,10,5,0,0,-7,98,$1500000,---
2023/5/26,Security Contractor,36,55145,8040,42319,81,---,2 hours ago,TDRaiz,10,7,5,6,-5,0,104,$500000,---
2023/5/26,Security Contractor,28,33152,25096,45234,67,---,1 day ago,Carlhurt3,10,3,5,10,0,0,95,$400000,---
2023/5/26,Security Contractor,29,44348,24028,118701,81,---,2 hours ago,datthamg,10,4,5,6,-2,0,104,$1500000,---
2023/5/26,Security Contractor,21,15885,37005,22057,38,---,2 hours ago,lubeeloo,10,9,5,15,0,0,77,$300000,---
2023/5/26,Security Contractor,5,51378,21536,47315,79,---,1 day ago,Alexander2256,5,0,5,9,0,-1,97,$500000,---
2023/5/26,Security Contractor,4,31514,17295,16102,40,---,24 minutes ago,Mjller1969,4,4,5,17,0,0,70,$250000,---
2023/5/26,Security Contractor,5,19040,29944,18914,36,---,21 hours ago,Frosty20199,4,0,5,19,0,0,64,$100000,---
2023/5/28,Security Contractor,31,34122,52405,52256,68,---,3 hours ago,redsoldier,10,5,5,10,-1,0,97,$800000,---
2023/5/28,Disposal Engineer,21,100079,243504,147283,105,---,6 hours ago,Prior_TCode,10,3,5,1,0,0,124,$2000000,---
2023/5/28,Security Contractor,23,44393,51858,71069,78,---,1 day ago,-ZAKE,10,0,5,9,0,-5,97,$800000,---
2023/5/28,Medic,2,6924,31460,77373,63,---,13 minutes ago,workstation,2,0,5,14,0,0,84,$600000,---
2023/5/28,Team Leader,28,89335,13703,54794,80,---,2 hours ago,CosmicBreak,10,10,5,0,0,0,105,$1500000,---
2023/5/28,Security Contractor,38,55273,8040,42383,81,---,7 hours ago,TDRaiz,10,7,5,6,-5,0,104,$500000,---
2023/5/28,Security Contractor,29,33318,25096,45317,67,---,3 hours ago,Carlhurt3,10,3,5,11,-3,0,93,$400000,---
2023/5/28,Security Contractor,31,44476,24028,118765,81,---,2 hours ago,datthamg,10,4,5,7,-4,0,103,$1500000,---
2023/5/28,Security Contractor,23,15985,37005,22107,38,---,52 minutes ago,lubeeloo,10,9,5,16,0,0,78,$300000,---
2023/5/28,Security Contractor,7,51536,21536,47393,80,---,3 days ago,Alexander2256,7,0,5,9,0,-22,79,$500000,---
2023/5/28,Security Contractor,6,31657,17295,16173,40,---,3 hours ago,Mjller1969,6,4,5,18,0,0,73,$250000,---
2023/5/28,Security Contractor,6,19175,29944,18981,36,---,14 hours ago,Frosty20199,6,0,5,20,0,0,67,$100000,---
2023/5/29,Security Contractor,32,34185,52405,52287,68,---,6 hours ago,redsoldier,10,5,5,10,0,0,98,$800000,---
2023/5/29,Disposal Engineer,22,100079,243570,147316,105,---,11 hours ago,Prior_TCode,10,3,5,1,0,0,124,$2000000,---
2023/5/29,Security Contractor,24,44457,51858,71101,78,---,13 hours ago,-ZAKE,10,0,5,8,0,0,101,$800000,---
2023/5/29,Medic,3,6924,31516,77401,63,---,1 hour ago,workstation,3,0,5,14,0,0,85,$600000,---
2023/5/29,Team Leader,29,89403,13703,54828,80,---,1 day ago,CosmicBreak,10,10,5,0,0,-2,103,$1500000,---
2023/5/29,Security Contractor,39,55348,8084,42432,81,---,38 minutes ago,TDRaiz,10,7,5,6,-6,0,103,$500000,---
2023/5/29,Security Contractor,30,33378,25096,45347,67,---,1 day ago,Carlhurt3,10,3,5,10,-1,-1,93,$400000,---
2023/5/29,Security Contractor,32,44540,24028,118797,81,---,2 hours ago,datthamg,10,4,5,7,-7,0,100,$1500000,---
2023/5/29,Security Contractor,24,16035,37005,22132,38,---,3 hours ago,lubeeloo,10,9,5,16,0,0,78,$300000,---
2023/5/29,Security Contractor,8,51580,21536,47415,80,---,4 days ago,Alexander2256,8,0,5,8,0,-32,69,$0,---
2023/5/29,Security Contractor,7,31704,17295,16197,40,---,43 minutes ago,Mjller1969,7,4,5,18,0,0,74,$250000,---
2023/5/29,Security Contractor,7,19219,29944,19003,36,---,2 hours ago,Frosty20199,7,0,5,20,0,0,68,$100000,---
2023/5/30,Security Contractor,33,34296,52405,52343,69,---,5 hours ago,redsoldier,10,5,5,8,-1,0,96,$800000,---
2023/5/30,Disposal Engineer,23,100079,243636,147349,105,---,4 hours ago,Prior_TCode,10,3,5,1,0,0,124,$2000000,---
2023/5/30,Security Contractor,25,44571,51858,71158,78,---,16 hours ago,-ZAKE,10,0,5,8,0,0,101,$800000,---
2023/5/30,Medic,4,7024,31621,77429,63,---,12 hours ago,workstation,4,0,5,12,0,0,84,$600000,---
2023/5/30,Team Leader,30,89466,13703,54860,80,---,2 days ago,CosmicBreak,10,10,5,0,0,-12,93,$1500000,---
2023/5/30,Security Contractor,31,33481,25096,45399,67,---,2 days ago,Carlhurt3,10,3,5,9,0,-11,83,$400000,---
2023/5/30,Security Contractor,33,44653,24028,118854,81,---,3 hours ago,datthamg,10,4,5,6,-7,0,99,$1500000,---
2023/5/30,Security Contractor,25,16084,37005,22156,38,---,18 minutes ago,lubeeloo,10,9,5,14,0,0,76,$300000,---
2023/5/30,Security Contractor,0,10410,33812,16969,27,---,12 hours ago,Casio-19,0,2,5,21,0,0,55,$100000,---
2023/5/30,Security Contractor,8,31801,17295,16245,40,---,2 hours ago,Mjller1969,8,4,5,16,0,0,73,$250000,---
2023/5/30,Security Contractor,8,19311,29944,19049,36,---,17 hours ago,Frosty20199,8,0,5,17,0,0,66,$100000,---
2023/5/31,Security Contractor,34,34359,52405,52374,69,---,5 hours ago,redsoldier,10,5,5,10,-1,0,98,$800000,---
2023/5/31,Disposal Engineer,24,100079,243702,147382,105,---,6 hours ago,Prior_TCode,10,3,5,1,0,0,124,$2000000,---
2023/5/31,Security Contractor,26,44632,51858,71188,78,---,1 day ago,-ZAKE,10,0,5,9,0,-7,95,$800000,---
2023/5/31,Medic,5,7024,31678,77458,63,---,13 hours ago,workstation,5,0,5,14,0,0,87,$600000,---
2023/5/31,Team Leader,31,89584,13703,54919,80,---,3 hours ago,CosmicBreak,10,10,5,0,0,0,105,$1500000,---
2023/5/31,Security Contractor,32,33579,25096,45448,67,---,3 days ago,Carlhurt3,10,3,5,11,0,-21,75,$400000,---
2023/5/31,Security Contractor,34,44716,24028,118886,81,---,3 hours ago,datthamg,10,4,5,7,-8,0,99,$1500000,---
2023/5/31,Security Contractor,26,16234,37005,22231,38,---,9 minutes ago,lubeeloo,10,9,5,16,0,0,78,$300000,---
2023/5/31,Security Contractor,1,10447,33812,16988,27,---,15 hours ago,Casio-19,1,2,5,23,0,0,58,$100000,---
2023/5/31,Security Contractor,0,18510,34060,24398,42,---,3 hours ago,Koaa,0,0,5,20,0,0,67,$300000,---
2023/5/31,Security Contractor,9,31849,17295,16269,40,---,1 hour ago,Mjller1969,9,4,5,17,0,0,75,$250000,---
2023/5/31,Security Contractor,9,19355,29944,19071,36,---,14 hours ago,Frosty20199,9,0,5,19,0,0,69,$100000,---
2023/6/1,Security Contractor,35,34421,52405,52405,69,---,4 hours ago,redsoldier,10,5,5,9,-1,0,97,$800000,---
2023/6/1,Disposal Engineer,25,100079,243768,147415,105,---,4 hours ago,Prior_TCode,10,3,5,1,0,0,124,$2000000,---
2023/6/1,Security Contractor,27,44686,51858,71215,78,---,2 days ago,-ZAKE,10,0,5,8,0,-17,84,$800000,---
2023/6/1,Medic,6,7024,31735,77487,63,---,42 minutes ago,workstation,6,0,5,13,0,0,87,$600000,---
2023/6/1,Team Leader,32,89652,13703,54953,80,---,1 day ago,CosmicBreak,10,10,5,0,0,-2,103,$1500000,---
2023/6/1,Security Contractor,33,33640,25146,45506,67,---,14 hours ago,Carlhurt3,10,3,5,10,0,0,95,$400000,---
2023/6/1,Security Contractor,35,44780,24028,118918,81,---,3 hours ago,datthamg,10,4,5,7,-7,0,100,$1500000,---
2023/6/1,Security Contractor,27,16284,37005,22256,38,---,2 hours ago,lubeeloo,10,9,5,16,0,0,78,$300000,---
2023/6/1,Security Contractor,2,10485,33812,17007,27,---,17 hours ago,Casio-19,2,2,5,23,0,0,59,$100000,---
2023/6/1,Security Contractor,1,18554,34060,24420,42,---,15 minutes ago,Koaa,1,0,5,20,0,0,68,$300000,---
2023/6/1,Security Contractor,10,31898,17295,16293,40,---,3 hours ago,Mjller1969,10,4,5,17,0,0,76,$250000,---
2023/6/1,Security Contractor,10,19400,29944,19093,36,---,14 hours ago,Frosty20199,10,0,5,19,0,0,70,$100000,---
2023/6/2,Security Contractor,36,34484,52405,52436,69,---,5 hours ago,redsoldier,10,5,5,10,-1,0,98,$800000,---
2023/6/2,Disposal Engineer,26,100079,243884,147473,105,---,10 hours ago,Prior_TCode,10,3,5,1,0,0,124,$2000000,---
2023/6/2,Security Contractor,28,44800,51858,71272,78,---,5 hours ago,-ZAKE,10,0,5,9,0,0,102,$800000,---
2023/6/2,Medic,7,7124,31843,77516,63,---,6 hours ago,workstation,7,0,5,13,0,0,88,$600000,---
2023/6/2,Team Leader,33,89770,13703,55012,80,---,20 hours ago,CosmicBreak,10,10,5,0,0,0,105,$1500000,---
2023/6/2,Security Contractor,34,33698,25146,45535,67,---,1 day ago,Carlhurt3,10,3,5,11,0,-6,90,$400000,---
2023/6/2,Security Contractor,36,44894,24028,118975,81,---,1 hour ago,datthamg,10,4,5,7,-5,0,102,$1500000,---
2023/6/2,Security Contractor,28,16334,37005,22281,38,---,55 minutes ago,lubeeloo,10,9,5,16,0,0,78,$300000,---
2023/6/2,Security Contractor,3,10523,33812,17026,27,---,17 hours ago,Casio-19,3,2,5,23,0,0,60,$100000,---
2023/6/2,Security Contractor,2,18598,34060,24442,42,---,24 minutes ago,Koaa,2,0,5,20,0,0,69,$300000,---
2023/6/2,Security Contractor,11,31997,17295,16342,40,---,5 hours ago,Mjller1969,10,4,5,17,0,0,76,$250000,---
2023/6/2,Security Contractor,11,19495,29944,19140,36,---,14 hours ago,Frosty20199,10,0,5,19,0,0,70,$100000,---
2023/6/3,Security Contractor,37,34596,52405,52492,69,---,5 hours ago,redsoldier,10,5,5,10,-2,0,97,$800000,---
2023/6/3,Disposal Engineer,27,100079,243950,147506,105,---,11 hours ago,Prior_TCode,10,3,5,1,0,0,124,$2000000,---
2023/6/3,Security Contractor,29,44863,51858,71304,78,---,1 day ago,-ZAKE,10,0,5,9,0,-3,99,$800000,---
2023/6/3,Medic,8,7124,31902,77545,63,---,7 hours ago,workstation,8,0,5,13,0,0,89,$600000,---
2023/6/3,Team Leader,34,89838,13703,55046,81,---,2 hours ago,CosmicBreak,10,10,5,0,0,0,106,$1500000,---
2023/6/3,Security Contractor,35,33809,25146,45591,67,---,2 hours ago,Carlhurt3,10,3,5,11,0,0,96,$400000,---
2023/6/3,Security Contractor,37,44958,24028,119007,81,---,2 hours ago,datthamg,10,4,5,7,-5,0,102,$1500000,---
2023/6/3,Security Contractor,29,16435,37005,22331,38,---,51 minutes ago,lubeeloo,10,9,5,17,0,0,79,$300000,---
2023/6/3,Security Contractor,4,10612,33812,17071,27,---,1 hour ago,Casio-19,4,2,5,23,0,0,61,$100000,---
2023/6/3,Security Contractor,3,18643,34060,24464,42,---,1 day ago,Koaa,3,0,5,20,0,0,70,$300000,---
2023/6/3,Security Contractor,12,32045,17295,16366,41,---,1 day ago,Mjller1969,10,4,5,17,0,-2,75,$250000,---
2023/6/3,Security Contractor,12,19540,29944,19162,36,---,1 hour ago,Frosty20199,10,0,5,19,0,0,70,$100000,---
2023/6/4,Security Contractor,38,34657,52405,52523,69,---,4 hours ago,redsoldier,10,5,5,10,-3,0,96,$800000,---
2023/6/4,Disposal Engineer,28,100129,244016,147564,105,---,1 hour ago,Prior_TCode,10,3,5,1,0,0,124,$2000000,---
2023/6/4,Security Contractor,30,44927,51858,71336,78,---,22 hours ago,-ZAKE,10,0,5,9,0,0,102,$800000,---
2023/6/4,Medic,9,7174,32069,77597,64,---,3 hours ago,workstation,9,0,5,12,0,0,90,$600000,---
2023/6/4,Team Leader,35,89956,13703,55105,81,---,2 hours ago,CosmicBreak,10,10,5,0,0,0,106,$1500000,---
2023/6/4,Security Contractor,36,33869,25146,45621,67,---,14 hours ago,Carlhurt3,10,3,5,11,-3,0,93,$400000,---
2023/6/4,Security Contractor,38,45072,24028,119064,81,---,7 hours ago,datthamg,10,4,5,7,-3,0,104,$1500000,---
2023/6/4,Security Contractor,30,16486,37005,22356,38,---,2 hours ago,lubeeloo,10,9,5,17,0,0,79,$300000,---
2023/6/4,Security Contractor,5,10651,33812,17091,27,---,12 hours ago,Casio-19,5,2,5,22,0,0,61,$100000,---
2023/6/4,Security Contractor,4,18688,34060,24486,42,---,3 hours ago,Koaa,4,0,5,19,0,0,70,$300000,---
2023/6/4,Security Contractor,13,32088,17295,16387,41,---,2 days ago,Mjller1969,10,4,5,17,0,-10,67,$250000,---
2023/6/4,Security Contractor,13,19585,29944,19184,36,---,1 hour ago,Frosty20199,10,0,5,19,0,0,70,$100000,---
2023/6/5,Security Contractor,39,34717,52405,52553,69,---,4 hours ago,redsoldier,10,5,5,10,-5,0,94,$800000,---
2023/6/5,Disposal Engineer,29,100129,244082,147597,105,---,2 hours ago,Prior_TCode,10,3,5,1,0,0,124,$2000000,---
2023/6/5,Security Contractor,31,44991,51858,71368,78,---,5 hours ago,-ZAKE,10,0,5,9,0,0,102,$800000,---
2023/6/5,Medic,10,7174,32129,77627,64,---,1 minute ago,workstation,10,0,5,12,0,0,91,$600000,---
2023/6/5,Team Leader,36,90024,13703,55139,81,---,12 hours ago,CosmicBreak,10,10,5,0,0,0,106,$1500000,---
2023/6/5,Security Contractor,37,33927,25146,45650,67,---,1 day ago,Carlhurt3,10,3,5,11,-1,-5,90,$400000,---
2023/6/5,Security Contractor,39,45136,24028,119096,81,---,3 hours ago,datthamg,10,4,5,7,-2,0,105,$1500000,---
2023/6/5,Security Contractor,31,16537,37005,22381,38,---,2 hours ago,lubeeloo,10,9,5,17,0,0,79,$300000,---
2023/6/5,Security Contractor,6,10691,33812,17111,27,---,16 hours ago,Casio-19,6,2,5,22,0,0,62,$100000,---
2023/6/5,Security Contractor,5,18733,34060,24509,43,---,1 day ago,Koaa,5,0,5,19,0,-1,71,$300000,---
2023/6/5,Security Contractor,14,32182,17350,16412,41,---,15 hours ago,Mjller1969,10,4,5,17,0,0,77,$250000,---
2023/6/5,Security Contractor,14,19630,29944,19206,36,---,18 hours ago,Frosty20199,10,0,5,19,0,0,70,$100000,---
2023/6/9,Security Contractor,43,35091,52425,52768,69,---,4 hours ago,redsoldier,10,5,5,10,-2,0,97,$800000,---
2023/6/9,Security Contractor,3,60791,30581,31604,79,---,12 hours ago,Twinkie,3,6,5,9,-2,0,100,$500000,---
2023/6/9,Disposal Engineer,33,100229,244516,147804,105,---,3 hours ago,Prior_TCode,10,3,5,1,0,0,124,$2000000,---
2023/6/9,Security Contractor,35,45297,51858,71521,79,---,1 day ago,-ZAKE,10,0,5,8,0,0,102,$800000,---
2023/6/9,Medic,14,7324,32444,77747,64,---,1 hour ago,workstation,10,0,5,12,0,0,91,$600000,---
2023/6/9,Team Leader,40,90446,13758,55394,81,---,1 hour ago,CosmicBreak,10,10,5,0,0,0,106,$1500000,---
2023/6/9,Security Contractor,41,34209,25146,45792,67,---,1 day ago,Carlhurt3,10,3,5,11,0,-6,90,$400000,---
2023/6/9,Security Contractor,43,45542,24028,119299,82,---,1 hour ago,datthamg,10,4,5,7,0,0,108,$1500000,---
2023/6/9,Security Contractor,35,16741,37150,22516,38,---,8 minutes ago,lubeeloo,10,9,5,17,0,0,79,$300000,---
2023/6/9,Security Contractor,10,10957,33812,17243,29,---,17 hours ago,Casio-19,10,2,5,21,0,0,67,$100000,---
2023/6/9,Security Contractor,0,40425,23362,20635,51,---,15 hours ago,Easts,0,3,5,17,0,0,76,$300000,---
2023/6/9,Security Contractor,18,32424,17350,16534,41,---,6 hours ago,Mjller1969,10,4,5,17,0,0,77,$250000,---
2023/6/10,Security Contractor,44,35154,52425,52799,69,---,4 hours ago,redsoldier,10,5,5,10,-1,0,98,$800000,---
2023/6/10,Security Contractor,4,60852,30581,31635,79,---,1 day ago,Twinkie,4,6,5,8,0,-6,96,$500000,---
2023/6/10,Disposal Engineer,34,100229,244582,147837,105,---,5 hours ago,Prior_TCode,10,3,5,1,0,0,124,$2000000,---
2023/6/10,Security Contractor,36,45355,51858,71550,79,---,2 days ago,-ZAKE,10,0,5,8,0,-11,91,$800000,---
2023/6/10,Medic,15,7324,32504,77777,64,---,26 minutes ago,workstation,10,0,5,12,0,0,91,$600000,---
2023/6/10,Team Leader,41,90514,13758,55428,82,---,1 day ago,CosmicBreak,10,10,5,0,0,0,107,$1500000,---
2023/6/10,Security Contractor,42,34270,25146,45822,67,---,19 hours ago,Carlhurt3,10,3,5,11,-1,0,95,$400000,---
2023/6/10,Security Contractor,44,45606,24028,119331,82,---,7 hours ago,datthamg,10,4,5,7,-2,0,106,$1500000,---
2023/6/10,Security Contractor,36,16792,37150,22541,38,---,50 minutes ago,lubeeloo,10,9,5,17,0,0,79,$300000,---
2023/6/10,Security Contractor,11,11000,33812,17264,29,---,16 hours ago,Casio-19,10,2,5,21,0,0,67,$100000,---
2023/6/10,Security Contractor,1,40471,23362,20658,51,---,1 day ago,Easts,1,3,5,17,0,-5,72,$300000,---
2023/6/10,Security Contractor,19,32473,17350,16559,41,---,16 hours ago,Mjller1969,10,4,5,17,0,0,77,$250000,---
2023/6/11,Security Contractor,45,35317,52425,52880,69,---,4 hours ago,redsoldier,10,5,5,10,-1,0,98,$800000,---
2023/6/11,Security Contractor,5,61013,30581,31716,79,---,37 minutes ago,Twinkie,5,6,5,9,-8,0,96,$500000,---
2023/6/11,Team Leader,35,100297,244582,147871,93,---,12 hours ago,Prior_TCode,10,3,5,0,0,0,111,$2000000,---
2023/6/11,Security Contractor,37,45519,51858,71632,79,---,20 hours ago,-ZAKE,10,0,5,9,0,0,103,$800000,---
2023/6/11,Reconnaissance,0,82651,67207,51129,93,---,3 hours ago,kissingkiller,0,0,5,8,0,0,106,$800000,---
2023/6/11,Disposal Engineer,16,7324,32565,77808,66,---,1 hour ago,workstation,10,0,5,12,0,0,93,$600000,---
2023/6/11,Security Contractor,42,90578,13758,55460,94,---,1 hour ago,CosmicBreak,10,10,5,2,0,0,121,$1500000,---
2023/6/11,Security Contractor,43,34327,25146,45850,68,---,1 day ago,Carlhurt3,10,3,5,11,0,-8,89,$400000,---
2023/6/11,Security Contractor,45,45670,24028,119363,82,---,59 minutes ago,datthamg,10,4,5,7,-5,0,103,$1500000,---
2023/6/11,Medic,37,16792,37203,22568,40,---,1 hour ago,lubeeloo,10,9,5,17,0,0,81,$300000,---
2023/6/11,Security Contractor,0,34574,13791,22168,50,---,5 hours ago,DavidHarmon,0,10,5,17,0,0,82,$250000,---
2023/6/11,Security Contractor,20,32620,17350,16632,41,---,1 day ago,Mjller1969,10,4,5,18,0,-5,73,$250000,---
2023/6/12,Security Contractor,46,35378,52425,52911,69,---,4 hours ago,redsoldier,10,5,5,10,-3,0,96,$800000,---
2023/6/12,Security Contractor,6,61076,30581,31747,79,---,16 hours ago,Twinkie,6,6,5,8,-6,0,98,$500000,---
2023/6/12,Team Leader,36,100465,244582,147955,93,---,4 hours ago,Prior_TCode,10,3,5,0,0,0,111,$2000000,---
2023/6/12,Security Contractor,38,45579,51858,71662,79,---,1 day ago,-ZAKE,10,0,5,9,0,-9,94,$800000,---
2023/6/12,Reconnaissance,1,82716,67240,51129,93,---,20 hours ago,kissingkiller,1,0,5,7,0,0,106,$800000,---
2023/6/12,Disposal Engineer,17,7424,32676,77839,66,---,39 minutes ago,workstation,10,0,5,12,0,0,93,$600000,---
2023/6/12,Security Contractor,43,90642,13758,55492,94,---,1 day ago,CosmicBreak,10,10,5,2,0,-2,119,$1500000,---
2023/6/12,Security Contractor,44,34487,25146,45930,68,---,13 hours ago,Carlhurt3,10,3,5,11,-3,0,94,$400000,---
2023/6/12,Security Contractor,46,45734,24028,119395,82,---,4 hours ago,datthamg,10,4,5,7,-3,0,105,$1500000,---
2023/6/12,Medic,38,16792,37356,22645,40,---,56 minutes ago,lubeeloo,10,9,5,17,0,0,81,$300000,---
2023/6/12,Security Contractor,1,34625,13791,22194,50,---,1 day ago,DavidHarmon,1,10,5,16,0,-2,80,$250000,---
2023/6/12,Security Contractor,21,32670,17400,16667,41,---,33 minutes ago,Mjller1969,10,4,5,18,0,0,78,$250000,---
2023/6/13,Security Contractor,47,35439,52425,52941,69,---,6 hours ago,redsoldier,10,5,5,10,-4,0,95,$800000,---
2023/6/13,Security Contractor,7,61136,30581,31777,79,---,1 day ago,Twinkie,7,6,5,8,-4,-8,93,$500000,---
2023/6/13,Team Leader,37,100533,244582,147989,93,---,3 hours ago,Prior_TCode,10,3,5,0,0,0,111,$2000000,---
2023/6/13,Security Contractor,39,45633,51858,71689,79,---,2 days ago,-ZAKE,10,0,5,9,0,-19,84,$0,---
2023/6/13,Disposal Engineer,0,73761,137942,91904,96,---,1 hour ago,323RyAn323,0,0,5,7,0,0,108,$1200000,---
2023/6/13,Reconnaissance,2,82780,67272,51129,93,---,1 day ago,kissingkiller,2,0,5,7,0,-9,98,$800000,---
2023/6/13,Medic,18,7424,32737,77870,66,---,1 hour ago,workstation,10,0,5,12,0,0,93,$600000,---
2023/6/13,Security Contractor,44,90706,13758,55524,94,---,19 hours ago,CosmicBreak,10,10,5,2,0,0,121,$1500000,---
2023/6/13,Security Contractor,45,34548,25146,45961,68,---,59 minutes ago,Carlhurt3,10,3,5,11,-1,0,96,$400000,---
2023/6/13,Security Contractor,47,45798,24028,119427,82,---,1 hour ago,datthamg,10,4,5,7,0,0,108,$1500000,---
2023/6/13,Medic,39,16792,37409,22672,40,---,2 hours ago,lubeeloo,10,9,5,17,0,0,81,$300000,---
2023/6/13,Security Contractor,22,32721,17400,16692,42,---,19 hours ago,Mjller1969,10,4,5,18,0,0,79,$250000,---
2023/6/14,Security Contractor,48,35500,52425,52971,69,---,5 hours ago,redsoldier,10,5,5,10,-4,0,95,$800000,---
2023/6/14,Security Contractor,8,61200,30581,31809,79,---,14 hours ago,Twinkie,8,6,5,8,-3,0,103,$500000,---
2023/6/14,Team Leader,38,100601,244582,148023,93,---,1 day ago,Prior_TCode,10,3,5,0,0,-2,109,$2000000,---
2023/6/14,Security Contractor,40,45680,51858,71713,79,---,3 days ago,-ZAKE,10,0,5,9,0,-29,74,$0,---
2023/6/14,Disposal Engineer,1,73761,138008,91937,98,---,16 hours ago,323RyAn323,1,0,5,6,0,0,110,$1200000,---
2023/6/14,Reconnaissance,3,82837,67301,51129,93,---,2 days ago,kissingkiller,3,0,5,7,0,-20,88,$0,---
2023/6/14,Medic,19,7424,32798,77900,64,---,1 hour ago,workstation,10,0,5,13,0,0,92,$600000,---
2023/6/14,Security Contractor,45,90770,13758,55556,94,---,10 hours ago,CosmicBreak,10,10,5,2,0,0,121,$1500000,---
2023/6/14,Security Contractor,46,34609,25146,45991,68,---,15 hours ago,Carlhurt3,10,3,5,11,-2,0,95,$400000,---
2023/6/14,Security Contractor,48,45862,24028,119459,82,---,2 hours ago,datthamg,10,4,5,7,0,0,108,$1500000,---
2023/6/14,Medic,40,16792,37462,22699,40,---,7 hours ago,lubeeloo,10,9,5,17,0,0,81,$300000,---
2023/6/14,Security Contractor,23,32771,17400,16717,42,---,16 hours ago,Mjller1969,10,4,5,17,0,0,78,$250000,---
2023/6/15,Security Contractor,49,35561,52425,53001,69,---,5 hours ago,redsoldier,10,5,5,10,-4,0,95,$800000,---
2023/6/15,Team Leader,0,192182,307522,204156,103,---,1 hour ago,NukeMan,0,4,5,0,-3,0,109,$4000000,---
2023/6/15,Security Contractor,0,82290,21080,59870,94,---,8 hours ago,Dyl-x,0,1,5,7,0,0,107,$800000,---
2023/6/15,Security Contractor,9,61361,30631,31840,79,---,16 hours ago,Twinkie,9,6,5,7,-10,0,96,$500000,---
2023/6/15,Reconnaissance,39,100666,244615,148023,104,---,2 days ago,Prior_TCode,10,3,5,1,0,-14,109,$2000000,---
2023/6/15,Disposal Engineer,2,73761,138074,91970,98,---,1 day ago,323RyAn323,2,0,5,6,0,-7,104,$1200000,---
2023/6/15,Medic,20,7424,32859,77930,64,---,3 hours ago,workstation,10,0,5,13,0,0,92,$600000,---
2023/6/15,Security Contractor,46,90934,13758,55638,94,---,1 day ago,CosmicBreak,10,10,5,2,0,-5,116,$1500000,---
2023/6/15,Security Contractor,47,34669,25146,46021,68,---,2 hours ago,Carlhurt3,10,3,5,11,-3,0,94,$400000,---
2023/6/15,Security Contractor,49,46026,24028,119541,82,---,3 hours ago,datthamg,10,4,5,7,0,0,108,$1500000,---
2023/6/15,Medic,41,16792,37515,22726,40,---,1 hour ago,lubeeloo,10,9,5,17,0,0,81,$300000,---
2023/6/15,Security Contractor,24,32921,17400,16792,42,---,5 hours ago,Mjller1969,10,4,5,17,0,0,78,$250000,---
2023/6/16,Security Contractor,50,35622,52425,53032,69,---,4 hours ago,redsoldier,10,5,5,10,-3,0,96,$800000,---
2023/6/16,Team Leader,1,192250,307522,204190,103,---,13 minutes ago,NukeMan,1,4,5,0,-3,0,110,$4000000,---
2023/6/16,Security Contractor,1,82354,21080,59902,94,---,7 hours ago,Dyl-x,1,1,5,7,0,0,108,$800000,---
2023/6/16,Security Contractor,10,61424,30631,31872,79,---,2 minutes ago,Twinkie,10,6,5,7,-8,0,99,$500000,---
2023/6/16,Reconnaissance,40,100731,244648,148023,104,---,3 hours ago,Prior_TCode,10,3,5,1,0,0,123,$2000000,---
2023/6/16,Disposal Engineer,3,73761,138136,92001,98,---,2 days ago,323RyAn323,3,0,5,6,0,-18,94,$1200000,---
2023/6/16,Medic,21,7424,32920,77960,64,---,4 hours ago,workstation,10,0,5,13,0,0,92,$600000,---
2023/6/16,Security Contractor,47,90998,13758,55670,94,---,16 hours ago,CosmicBreak,10,10,5,2,0,0,121,$1500000,---
2023/6/16,Security Contractor,48,34728,25146,46050,68,---,3 hours ago,Carlhurt3,10,3,5,11,-5,0,92,$400000,---
2023/6/16,Security Contractor,50,46090,24028,119573,82,---,1 hour ago,datthamg,10,4,5,7,0,0,108,$1500000,---
2023/6/16,Medic,42,16792,37568,22753,40,---,5 hours ago,lubeeloo,10,9,5,17,0,0,81,$300000,---
2023/6/16,Security Contractor,25,32970,17400,16816,42,---,1 day ago,Mjller1969,10,4,5,17,0,-2,76,$250000,---
2023/6/17,Disposal Engineer,51,35622,52491,53065,73,---,6 hours ago,redsoldier,10,5,5,9,-2,0,100,$800000,---
2023/6/17,Team Leader,2,192318,307522,204224,103,---,15 hours ago,NukeMan,2,4,5,0,-3,0,111,$4000000,---
2023/6/17,Security Contractor,2,82418,21080,59934,94,---,1 day ago,Dyl-x,2,1,5,7,0,-4,105,$800000,---
2023/6/17,Security Contractor,11,61587,30631,31954,80,---,13 hours ago,Twinkie,10,6,5,7,-9,0,99,$500000,---
2023/6/17,Reconnaissance,41,100796,244681,148023,104,---,1 day ago,Prior_TCode,10,3,5,1,0,-2,121,$2000000,---
2023/6/17,Security Contractor,4,73863,138136,92052,96,---,3 days ago,323RyAn323,4,0,5,6,0,-29,82,$0,---
2023/6/17,Medic,22,7524,33031,77990,64,---,3 hours ago,workstation,10,0,5,13,0,0,92,$600000,---
2023/6/17,Security Contractor,48,91062,13758,55702,94,---,1 day ago,CosmicBreak,10,10,5,2,0,-9,112,$1500000,---
2023/6/17,Security Contractor,49,34888,25146,46130,68,---,14 hours ago,Carlhurt3,10,3,5,11,-3,0,94,$400000,---
2023/6/17,Security Contractor,51,46204,24028,119630,82,---,3 hours ago,datthamg,10,4,5,7,-2,0,106,$1500000,---
2023/6/17,Medic,43,16792,37621,22780,40,---,49 minutes ago,lubeeloo,10,9,5,17,0,0,81,$300000,---
2023/6/17,Security Contractor,26,33021,17400,16841,42,---,3 hours ago,Mjller1969,10,4,5,18,0,0,79,$250000,---
2023/6/18,Disposal Engineer,52,35622,52602,53123,73,---,8 hours ago,redsoldier,10,5,5,9,-2,0,100,$800000,---
2023/6/18,Team Leader,3,192386,307522,204258,103,---,11 hours ago,NukeMan,3,4,5,0,-4,0,111,$4000000,---
2023/6/18,Security Contractor,3,82478,21080,59964,94,---,2 days ago,Dyl-x,3,1,5,6,0,-15,94,$0,---
2023/6/18,Security Contractor,12,61648,30631,31984,80,---,2 hours ago,Twinkie,10,6,5,7,-13,0,95,$500000,---
2023/6/18,Reconnaissance,42,100861,244714,148023,104,---,21 hours ago,Prior_TCode,10,3,5,1,0,0,123,$2000000,---
2023/6/18,Medic,23,7524,33092,78020,64,---,1 hour ago,workstation,10,0,5,13,0,0,92,$600000,---
2023/6/18,Security Contractor,49,91126,13758,55734,94,---,2 days ago,CosmicBreak,10,10,5,2,0,-21,100,$1500000,---
2023/6/18,Security Contractor,50,34949,25146,46161,68,---,1 hour ago,Carlhurt3,10,3,5,11,-1,0,96,$400000,---
2023/6/18,Security Contractor,52,46268,24028,119662,82,---,2 hours ago,datthamg,10,4,5,7,-2,0,106,$1500000,---
2023/6/18,Security Contractor,0,53775,36729,29548,71,---,1 hour ago,Jynxie,0,2,5,13,0,0,91,$500000,---
2023/6/18,Medic,44,16792,37674,22807,40,---,3 hours ago,lubeeloo,10,9,5,17,0,0,81,$300000,---
2023/6/18,Security Contractor,27,33072,17400,16866,42,---,17 hours ago,Mjller1969,10,4,5,18,0,0,79,$250000,---
2023/6/19,Disposal Engineer,53,35622,52768,53206,73,---,4 hours ago,redsoldier,10,5,5,9,-2,0,100,$800000,---
2023/6/19,Team Leader,4,192454,307522,204292,103,---,3 hours ago,NukeMan,4,4,5,0,-4,0,112,$4000000,---
2023/6/19,Security Contractor,13,61712,30631,32016,80,---,21 hours ago,Twinkie,10,6,5,7,0,0,108,$500000,---
2023/6/19,Reconnaissance,43,101026,244797,148023,104,---,20 hours ago,Prior_TCode,10,3,5,1,0,0,123,$2000000,---
2023/6/19,Medic,24,7524,33241,78072,64,---,1 hour ago,workstation,10,0,5,13,0,0,92,$600000,---
2023/6/19,Security Contractor,50,91290,13758,55816,94,---,32 minutes ago,CosmicBreak,10,10,5,2,0,0,121,$1500000,---
2023/6/19,Security Contractor,51,35011,25146,46192,68,---,1 day ago,Carlhurt3,10,3,5,11,0,0,97,$400000,---
2023/6/19,Security Contractor,53,46432,24028,119744,82,---,1 minute ago,datthamg,10,4,5,7,-2,0,106,$1500000,---
2023/6/19,Security Contractor,1,53834,36729,29577,71,---,3 hours ago,Jynxie,1,2,5,13,0,0,92,$500000,---
2023/6/19,Medic,45,16792,37827,22884,40,---,33 minutes ago,lubeeloo,10,9,5,17,0,0,81,$300000,---
2023/6/19,Security Contractor,0,16217,24969,30243,48,---,20 hours ago,K4SEKLOSER,0,2,5,19,0,0,74,$200000,---
2023/6/19,Security Contractor,28,33223,17400,16941,42,---,23 hours ago,Mjller1969,10,4,5,18,0,0,79,$250000,---
2023/6/20,Disposal Engineer,54,35622,52834,53239,73,---,9 hours ago,redsoldier,10,5,5,8,0,0,101,$800000,---
2023/6/20,Reconnaissance,0,339948,209508,61290,98,---,44 minutes ago,Tank_Murdock,0,0,5,0,0,0,103,$2500000,---
2023/6/20,Security Contractor,14,61775,30631,32047,80,---,1 day ago,Twinkie,10,6,5,6,0,-9,98,$500000,---
2023/6/20,Team Leader,44,101091,244830,148023,104,---,19 hours ago,Prior_TCode,10,3,5,1,0,0,123,$2000000,---
2023/6/20,Medic,25,7524,33301,78102,64,---,59 minutes ago,workstation,10,0,5,12,0,0,91,$600000,---
2023/6/20,Security Contractor,51,91354,13758,55848,94,---,1 day ago,CosmicBreak,10,10,5,2,0,0,121,$1500000,---
2023/6/20,Security Contractor,52,35071,25146,46222,69,---,3 hours ago,Carlhurt3,10,3,5,10,-3,0,94,$400000,---
2023/6/20,Security Contractor,54,46496,24028,119776,82,---,2 hours ago,datthamg,10,4,5,6,-2,0,105,$1500000,---
2023/6/20,Security Contractor,2,53893,36729,29606,72,---,10 hours ago,Jynxie,2,2,5,11,0,0,92,$500000,---
2023/6/20,Medic,46,16792,37880,22910,40,---,25 minutes ago,lubeeloo,10,9,5,16,0,0,80,$300000,---
2023/6/20,Security Contractor,1,16344,24969,30312,48,---,12 hours ago,K4SEKLOSER,1,2,5,18,0,0,74,$200000,---
2023/6/20,Security Contractor,29,33272,17400,16966,42,---,9 hours ago,Mjller1969,10,4,5,16,0,0,77,$250000,---
2023/6/21,Disposal Engineer,55,35622,52900,53272,73,---,4 hours ago,redsoldier,10,5,5,9,-2,0,100,$800000,---
2023/6/21,Reconnaissance,1,340013,209541,61290,111,---,13 hours ago,Tank_Murdock,1,0,5,3,-2,0,118,$2500000,---
2023/6/21,Security Contractor,15,61831,30631,32075,80,---,2 days ago,Twinkie,10,6,5,7,0,-20,88,$500000,---
2023/6/21,Team Leader,45,101159,244830,148057,93,---,6 hours ago,Prior_TCode,10,3,5,0,0,0,111,$2000000,---
2023/6/21,Medic,26,7524,33362,78132,64,---,44 minutes ago,workstation,10,0,5,13,0,0,92,$600000,---
2023/6/21,Security Contractor,52,91418,13758,55880,94,---,2 days ago,CosmicBreak,10,10,5,2,0,-13,108,$1500000,---
2023/6/21,Security Contractor,3,53953,36729,29636,72,---,1 hour ago,Jynxie,3,2,5,12,0,0,94,$500000,---
2023/6/21,Security Contractor,55,46560,24028,119808,82,---,9 hours ago,datthamg,10,4,5,7,0,0,108,$1500000,---
2023/6/21,Medic,47,16792,37934,22937,40,---,4 minutes ago,lubeeloo,10,10,5,17,0,0,82,$300000,---
2023/6/21,Security Contractor,2,16393,24969,30336,48,---,20 hours ago,K4SEKLOSER,2,2,5,19,0,0,76,$200000,---
2023/6/21,Security Contractor,30,33323,17400,16991,42,---,19 hours ago,Mjller1969,10,4,5,18,0,0,79,$250000,---
2023/6/22,Disposal Engineer,56,37403,55466,55805,75,---,7 hours ago,redsoldier,10,5,5,9,-2,0,102,$800000,---
2023/6/22,Reconnaissance,2,340078,209574,61290,111,---,12 hours ago,Tank_Murdock,2,0,5,2,0,0,120,$2500000,---
2023/6/22,Security Contractor,16,61995,30631,32157,80,---,17 hours ago,Twinkie,10,6,5,7,-2,0,106,$500000,---
2023/6/22,Team Leader,46,101327,244830,148141,93,---,12 hours ago,Prior_TCode,10,3,5,0,0,0,111,$2000000,---
2023/6/22,Medic,27,7524,33423,78162,64,---,6 hours ago,workstation,10,0,5,13,0,0,92,$600000,---
2023/6/22,Security Contractor,53,91479,13758,55911,94,---,3 days ago,CosmicBreak,10,10,5,2,0,-25,96,$1500000,---
2023/6/22,Security Contractor,4,54014,36729,29666,72,---,13 hours ago,Jynxie,4,2,5,12,0,0,95,$500000,---
2023/6/22,Security Contractor,56,46624,24028,119840,82,---,3 hours ago,datthamg,10,4,5,7,0,0,108,$1500000,---
2023/6/22,Medic,48,16792,37988,22964,40,---,1 hour ago,lubeeloo,10,10,5,17,0,0,82,$300000,---
2023/6/22,Security Contractor,0,35395,29560,70094,72,---,13 hours ago,Poopoopeepeeman,0,10,5,11,0,0,98,$800000,---
2023/6/22,Security Contractor,3,16642,24969,30461,49,---,20 hours ago,K4SEKLOSER,3,2,5,18,0,0,77,$200000,---
2023/6/22,Security Contractor,31,33374,17400,17016,42,---,7 minutes ago,Mjller1969,10,4,5,18,0,0,79,$250000,---
2023/6/23,Disposal Engineer,57,37403,55532,55838,75,---,4 hours ago,redsoldier,10,5,5,8,-2,0,101,$800000,---
2023/6/23,Reconnaissance,3,340143,209607,61290,111,---,12 hours ago,Tank_Murdock,3,0,5,2,0,0,121,$2500000,---
2023/6/23,Security Contractor,17,62059,30631,32189,80,---,15 hours ago,Twinkie,10,6,5,7,-3,0,105,$500000,---
2023/6/23,Team Leader,47,101395,244830,148175,93,---,1 day ago,Prior_TCode,10,3,5,0,0,-6,105,$2000000,---
2023/6/23,Medic,28,7524,33483,78192,64,---,9 minutes ago,workstation,10,0,5,12,0,0,91,$600000,---
2023/6/23,Security Contractor,54,91533,13758,55938,94,---,4 days ago,CosmicBreak,10,10,5,2,0,-37,84,$1500000,---
2023/6/23,Security Contractor,5,54075,36779,29706,72,---,3 hours ago,Jynxie,5,2,5,11,0,0,95,$500000,---
2023/6/23,Security Contractor,57,46688,24028,119872,82,---,1 minute ago,datthamg,10,4,5,7,0,0,108,$1500000,---
2023/6/23,Medic,49,16792,38039,22990,40,---,30 minutes ago,lubeeloo,10,10,5,16,-3,0,78,$300000,---
2023/6/23,Security Contractor,1,35455,29560,70124,72,---,1 day ago,Poopoopeepeeman,1,10,5,10,0,-5,93,$800000,---
2023/6/23,Security Contractor,4,16691,24969,30486,49,---,15 hours ago,K4SEKLOSER,4,2,5,17,0,0,77,$200000,---
2023/6/23,Security Contractor,32,33424,17400,17041,42,---,11 hours ago,Mjller1969,10,4,5,17,0,0,78,$250000,---
